{"Version":1,"ManifestType":"Publish","Endpoints":[{"Route":"TestBlazorApp.60tqv69keq.styles.css","AssetFile":"TestBlazorApp.styles.css","Selectors":[],"ResponseHeaders":[{"Name":"Accept-Ranges","Value":"bytes"},{"Name":"Cache-Control","Value":"max-age=31536000, immutable"},{"Name":"Content-Length","Value":"5909"},{"Name":"Content-Type","Value":"text/css"},{"Name":"ETag","Value":"\"Vvx3VOCn+N0AVz5l55VrYvmq5+34syIKndGst1ZP1ws=\""},{"Name":"Last-Modified","Value":"Tue, 30 Dec 2025 01:16:50 GMT"}],"EndpointProperties":[{"Name":"fingerprint","Value":"60tqv69keq"},{"Name":"integrity","Value":"sha256-Vvx3VOCn+N0AVz5l55VrYvmq5+34syIKndGst1ZP1ws="},{"Name":"label","Value":"TestBlazorApp.styles.css"}]},{"Route":"TestBlazorApp.styles.css","AssetFile":"TestBlazorApp.styles.css","Selectors":[],"ResponseHeaders":[{"Name":"Accept-Ranges","Value":"bytes"},{"Name":"Cache-Control","Value":"no-cache"},{"Name":"Content-Length","Value":"5909"},{"Name":"Content-Type","Value":"text/css"},{"Name":"ETag","Value":"\"Vvx3VOCn+N0AVz5l55VrYvmq5+34syIKndGst1ZP1ws=\""},{"Name":"Last-Modified","Value":"Tue, 30 Dec 2025 01:16:50 GMT"}],"EndpointProperties":[{"Name":"integrity","Value":"sha256-Vvx3VOCn+N0AVz5l55VrYvmq5+34syIKndGst1ZP1ws="}]},{"Route":"app.css","AssetFile":"app.css","Selectors":[],"ResponseHeaders":[{"Name":"Accept-Ranges","Value":"bytes"},{"Name":"Cache-Control","Value":"no-cache"},{"Name":"Content-Length","Value":"2591"},{"Name":"Content-Type","Value":"text/css"},{"Name":"ETag","Value":"\"u9qEka1auR7E3rd3/8/j8hkQdSOYj9bRJ4nYiFDR1sE=\""},{"Name":"Last-Modified","Value":"Sun, 28 Dec 2025 20:07:31 GMT"}],"EndpointProperties":[{"Name":"integrity","Value":"sha256-u9qEka1auR7E3rd3/8/j8hkQdSOYj9bRJ4nYiFDR1sE="}]},{"Route":"app.da95v2qkru.css","AssetFile":"app.css","Selectors":[],"ResponseHeaders":[{"Name":"Accept-Ranges","Value":"bytes"},{"Name":"Cache-Control","Value":"max-age=31536000, immutable"},{"Name":"Content-Length","Value":"2591"},{"Name":"Content-Type","Value":"text/css"},{"Name":"ETag","Value":"\"u9qEka1auR7E3rd3/8/j8hkQdSOYj9bRJ4nYiFDR1sE=\""},{"Name":"Last-Modified","Value":"Sun, 28 Dec 2025 20:07:31 GMT"}],"EndpointProperties":[{"Name":"fingerprint","Value":"da95v2qkru"},{"Name":"integrity","Value":"sha256-u9qEka1auR7E3rd3/8/j8hkQdSOYj9bRJ4nYiFDR1sE="},{"Name":"label","Value":"app.css"}]},{"Route":"bootstrap/bootstrap.min.bpk8xqwxhs.css","AssetFile":"bootstrap/bootstrap.min.css","Selectors":[],"ResponseHeaders":[{"Name":"Accept-Ranges","Value":"bytes"},{"Name":"Cache-Control","Value":"max-age=31536000, immutable"},{"Name":"Content-Length","Value":"162720"},{"Name":"Content-Type","Value":"text/css"},{"Name":"ETag","Value":"\"z8OR40MowJ8GgK6P89Y+hiJK5+cclzFHzLhFQLL92bg=\""},{"Name":"Last-Modified","Value":"Sun, 28 Dec 2025 20:07:31 GMT"}],"EndpointProperties":[{"Name":"fingerprint","Value":"bpk8xqwxhs"},{"Name":"integrity","Value":"sha256-z8OR40MowJ8GgK6P89Y+hiJK5+cclzFHzLhFQLL92bg="},{"Name":"label","Value":"bootstrap/bootstrap.min.css"}]},{"Route":"bootstrap/bootstrap.min.css","AssetFile":"bootstrap/bootstrap.min.css","Selectors":[],"ResponseHeaders":[{"Name":"Accept-Ranges","Value":"bytes"},{"Name":"Cache-Control","Value":"no-cache"},{"Name":"Content-Length","Value":"162720"},{"Name":"Content-Type","Value":"text/css"},{"Name":"ETag","Value":"\"z8OR40MowJ8GgK6P89Y+hiJK5+cclzFHzLhFQLL92bg=\""},{"Name":"Last-Modified","Value":"Sun, 28 Dec 2025 20:07:31 GMT"}],"EndpointProperties":[{"Name":"integrity","Value":"sha256-z8OR40MowJ8GgK6P89Y+hiJK5+cclzFHzLhFQLL92bg="}]},{"Route":"bootstrap/bootstrap.min.css.8inm30yfxf.map","AssetFile":"bootstrap/bootstrap.min.css.map","Selectors":[],"ResponseHeaders":[{"Name":"Accept-Ranges","Value":"bytes"},{"Name":"Cache-Control","Value":"max-age=31536000, immutable"},{"Name":"Content-Length","Value":"449111"},{"Name":"Content-Type","Value":"text/plain"},{"Name":"ETag","Value":"\"gBwg2tmA0Ci2u54gMF1jNCVku6vznarkLS6D76htNNQ=\""},{"Name":"Last-Modified","Value":"Sun, 28 Dec 2025 20:07:31 GMT"}],"EndpointProperties":[{"Name":"fingerprint","Value":"8inm30yfxf"},{"Name":"integrity","Value":"sha256-gBwg2tmA0Ci2u54gMF1jNCVku6vznarkLS6D76htNNQ="},{"Name":"label","Value":"bootstrap/bootstrap.min.css.map"}]},{"Route":"bootstrap/bootstrap.min.css.map","AssetFile":"bootstrap/bootstrap.min.css.map","Selectors":[],"ResponseHeaders":[{"Name":"Accept-Ranges","Value":"bytes"},{"Name":"Cache-Control","Value":"no-cache"},{"Name":"Content-Length","Value":"449111"},{"Name":"Content-Type","Value":"text/plain"},{"Name":"ETag","Value":"\"gBwg2tmA0Ci2u54gMF1jNCVku6vznarkLS6D76htNNQ=\""},{"Name":"Last-Modified","Value":"Sun, 28 Dec 2025 20:07:31 GMT"}],"EndpointProperties":[{"Name":"integrity","Value":"sha256-gBwg2tmA0Ci2u54gMF1jNCVku6vznarkLS6D76htNNQ="}]},{"Route":"favicon.ifv42okdf2.png","AssetFile":"favicon.png","Selectors":[],"ResponseHeaders":[{"Name":"Accept-Ranges","Value":"bytes"},{"Name":"Cache-Control","Value":"max-age=31536000, immutable"},{"Name":"Content-Length","Value":"1148"},{"Name":"Content-Type","Value":"image/png"},{"Name":"ETag","Value":"\"4mWsDy3aHl36ZbGt8zByK7Pvd4kRUoNgTYzRnwmPHwg=\""},{"Name":"Last-Modified","Value":"Sun, 28 Dec 2025 20:07:31 GMT"}],"EndpointProperties":[{"Name":"fingerprint","Value":"ifv42okdf2"},{"Name":"integrity","Value":"sha256-4mWsDy3aHl36ZbGt8zByK7Pvd4kRUoNgTYzRnwmPHwg="},{"Name":"label","Value":"favicon.png"}]},{"Route":"favicon.png","AssetFile":"favicon.png","Selectors":[],"ResponseHeaders":[{"Name":"Accept-Ranges","Value":"bytes"},{"Name":"Cache-Control","Value":"no-cache"},{"Name":"Content-Length","Value":"1148"},{"Name":"Content-Type","Value":"image/png"},{"Name":"ETag","Value":"\"4mWsDy3aHl36ZbGt8zByK7Pvd4kRUoNgTYzRnwmPHwg=\""},{"Name":"Last-Modified","Value":"Sun, 28 Dec 2025 20:07:31 GMT"}],"EndpointProperties":[{"Name":"integrity","Value":"sha256-4mWsDy3aHl36ZbGt8zByK7Pvd4kRUoNgTYzRnwmPHwg="}]}]}