{
  "$schema": "https://schema.management.azure.com/schemas/2019-04-01/deploymentTemplate.json#",
  "contentVersion": "1.0.0.0",
  "parameters": {
    "storageAccountName": {
      "type": "string",
      "metadata": {
        "description": "Storage account name"
      },
      "defaultValue": "[format('storage{0}', uniqueString(resourceGroup().id))]",
      "minLength": 3,
      "maxLength": 24
    },
    "containerName": {
      "type": "string",
      "metadata": {
        "description": "blob container name"
      },
      "defaultValue": "[format('container{0}', uniqueString(resourceGroup().id))]",
      "minLength": 3,
      "maxLength": 24
    },
    "location": {
      "type": "string",
      "defaultValue": "[resourceGroup().location]",
      "metadata": {
        "description": "Location for all resources."
      }
    },  
    "destBlobName": {
      "type": "string",
      "metadata": {
        "description": "blob name"
      },
      "defaultValue": "readerboarddata.xml",
      "minLength": 3,
      "maxLength": 24
    },
    "sourceSasToken": {
      "type": "string",
      "metadata": {
        "description": "sastoken"
      },
      "defaultValue": "sp=rl&st=2025-12-14T17:42:31Z&se=2027-01-01T01:57:31Z&spr=https&sv=2024-11-04&sr=c&sig=mQjYWXsczLN9wdfzKxHET5Vf8jNq8wsecSP2vFqNFYQ%3D"
    },
    "scriptForceUpdateTag": {
      "type": "string",
      "defaultValue": "[utcNow()]",
      "metadata": {
        "description": "Changing this value will force the deployment script to re-run."
      }
    },
"appServicePlanName": {
      "type": "string",
      "defaultValue": "blazorAppServicePlan",
      "metadata": {
        "description": "Name of the App Service Plan"
      }
    },
"skuName": {
      "type": "string",
      "defaultValue": "S1",
      "allowedValues": ["F1", "B1", "B2", "B3", "S1", "S2", "S3"],
      "metadata": {
        "description": "Pricing tier for the App Service Plan"
      }
    },
    "webAppName": {
        "type": "string",
        "defaultValue": "[toLower(concat('blazorapp','-',substring(uniqueString(subscription().id, resourceGroup().id), 0, 8)))]",
        "metadata": {
        "description": "URI to deploy-blazor-zip.sh"
        }
    },
        
    "_artifactsLocation": {
            "type": "string",
            "metadata": {
                "description": "Base URI where all artifacts for the deployment will be staged. The defaultValue must include a trailing slash when providing a value for the parameter."
            },
            "defaultValue": "[deployment().properties.templateLink.uri]"            
        },
    "_artifactsLocationSasToken": {
            "type": "securestring",
            "metadata": {
                "description": "SAS token required to access the location "
            },
            "defaultValue": ""
      }    
  },
  "variables": {
    "roleAssignmentName": "[guid(resourceGroup().id, 'roleAssignment', 'readerboardIdentity')]",
    "artifactsBase": "[parameters('_artifactsLocation')]",
    "scriptPath": "[uri(variables('artifactsBase'), 'deploy-blazor-app.ps1')]",
    "zipPath": "[uri(variables('artifactsBase'), 'app.zip')]"
    //"scriptLocation": "[concat(variables('scriptPath'), parameters('_artifactsLocationSasToken'))]",
    //"zipFileLocation": "[concat(variables('zipPath'), parameters('_artifactsLocationSasToken'))]"
  },
  "functions": [], 
  "resources": [
      {
    "type": "Microsoft.ManagedIdentity/userAssignedIdentities",
    "apiVersion": "2023-01-31",
    "name": "readerboardIdentity",
    "location": "[parameters('location')]",   
    "properties": {}
     },
    {
      "type": "Microsoft.Authorization/roleAssignments",
      "apiVersion": "2022-04-01",
      "name": "[variables('roleAssignmentName')]",      
      "dependsOn": [
        "readerboardIdentity"
      ],
      "properties": {
        "roleDefinitionId": "[concat('/subscriptions/', subscription().subscriptionId, '/providers/Microsoft.Authorization/roleDefinitions/', 'b24988ac-6180-42a0-ab88-20f7382dd24c')]", // Example: Contributor role definition ID
        "principalId": "[reference('readerboardIdentity').principalId]",
        "principalType": "ServicePrincipal",
        "scope": "[resourceGroup().id]"
      }
    },     
    {
      "type": "Microsoft.Storage/storageAccounts",
      "apiVersion": "2025-06-01",
      "name": "[parameters('storageAccountName')]",
      "location": "[parameters('location')]",
      "sku": {
        "name": "Standard_LRS",
        "tier": "Standard"
      },
      "kind": "StorageV2",
      "properties": {
        "accessTier": "Hot"
      },
      "resources": [
        {
          "type": "blobServices/containers",
          "apiVersion": "2025-06-01",
          "name": "[concat('/default/', parameters('containerName'))]",
          "dependsOn": [
            "[parameters('storageAccountName')]"
          ]
        }        
      ]
       
    },
        {
          "type": "Microsoft.Resources/deploymentScripts",
          "apiVersion": "2023-08-01",
          "name": "generateSasScript",          
          "location": "[parameters('location')]",
          "kind": "AzureCLI", 
          "dependsOn": [
                "[parameters('storageAccountName')]"
              ],           
          "properties": {
            "forceUpdateTag": "[parameters('scriptForceUpdateTag')]", 
            "azCliVersion": "2.53.0", 
            "identity": {
              "type": "SystemAssigned"
            },
            "scriptContent": "[concat('sas_token=$(az storage container generate-sas --account-name ', parameters('storageAccountName'), ' --account-key ',listKeys(resourceId('Microsoft.Storage/storageAccounts', parameters('storageAccountName')), '2025-06-01').keys[0].value,' --name ',parameters('containerName'),' --expiry 2026-12-31 --permissions rlw -o tsv); ','echo \"{\\\"sasTokenVal\\\": \\\"$sas_token\\\"}\" > $AZ_SCRIPTS_OUTPUT_PATH')]" ,
            "timeout": "PT30M",
            "cleanupPreference": "OnSuccess",
            "retentionInterval": "P1D"
          }
        }    
    ,
    {
      "type": "Microsoft.Resources/deploymentScripts", 
      "apiVersion": "2023-08-01",
      "name": "copyBlobScript",
      "location": "[parameters('location')]",
      "kind": "AzureCLI", 
      "properties": {
        "forceUpdateTag": "[parameters('scriptForceUpdateTag')]", 
        "azCliVersion": "2.53.0", 
         "identity": {
            "type": "SystemAssigned"
          },
        "scriptContent": "[concat('az storage blob copy start ',' --account-name ', parameters('storageAccountName'), ' --destination-container ', parameters('containerName'), ' --destination-blob ', parameters('destBlobName'), ' --account-key ',listKeys(resourceId('Microsoft.Storage/storageAccounts', parameters('storageAccountName')), '2025-06-01').keys[0].value, ' --source-account-name readerboardstorage --source-container readerboard-data --source-blob readerboarddata.xml --source-sas \"', parameters('sourceSasToken'), '\" ')]",
        "timeout": "PT30M",
        "cleanupPreference": "OnSuccess",
        "retentionInterval": "P1D"
      }
    },
 {
      "type": "Microsoft.Web/serverfarms",
      "apiVersion": "2025-03-01",
      "name": "[parameters('appServicePlanName')]",
      "location": "[parameters('location')]",
      "sku": {
        "name": "[parameters('skuName')]",
        "tier": "Standard",
        "size": "[parameters('skuName')]",
        "capacity": 1
      },
      "properties": {
      }
    },
    {
      "type": "Microsoft.Web/sites",
      "apiVersion": "2025-03-01",
      "name": "[parameters('webAppName')]",
      "location": "[parameters('location')]",
      "dependsOn": [
        "[resourceId('Microsoft.Web/serverfarms', parameters('appServicePlanName'))]"
      ],
      "properties": {
        "serverFarmId": "[resourceId('Microsoft.Web/serverfarms', parameters('appServicePlanName'))]",
        "siteConfig": {
          "alwaysOn": true,
          "appSettings": [
            {
              "name": "SCM_DO_BUILD_DURING_DEPLOYMENT",
              "value": "false"
            },
            {
              "name": "AppSettings:BlobContainerName",
              "value": "[parameters('containerName')]"
            },
            {
              "name": "AppSettings:BlobConnectionString",
              "value": "[concat('DefaultEndpointsProtocol=https;','AccountName=', parameters('storageAccountName'), ';','AccountKey=', listKeys(resourceId('Microsoft.Storage/storageAccounts', parameters('storageAccountName')),'2025-06-01').keys[0].value, ';','EndpointSuffix=', environment().suffixes.storage)]"
            }
            
          ]
        },
        "httpsOnly": false
      },
      "kind": "app"
    },
  {
    "type": "Microsoft.Resources/deploymentScripts", 
    "apiVersion": "2023-08-01",
    "name": "zipDeployBlazorApp",
    "location": "[parameters('location')]",    
    "kind": "AzurePowerShell", 
    "dependsOn": [
        "readerboardIdentity",
        "[variables('roleAssignmentName')]"
      ],
      "identity": {
        "type": "UserAssigned",
        "userAssignedIdentities": {
          "[resourceId('Microsoft.ManagedIdentity/userAssignedIdentities', 'readerboardIdentity')]": {}
        }
      },    
    "properties": {
      "forceUpdateTag": "[parameters('scriptForceUpdateTag')]", 
       "azPowerShellVersion": "10.4",    
    "primaryScriptUri": "[variables('scriptPath')]",        
      "arguments": "[concat('-ResourceGroup \"', resourceGroup().name, '\" ','-WebAppName \"', parameters('webAppName'), '\" ','-ZipUrl \"', variables('zipPath'), '\"')]",
      //"arguments": "[concat('-ResourceGroup \"', resourceGroup().name, '\" ','-WebAppName \"', parameters('webAppName'), '\" ','-ZipPath app.zip'\"')]",
      "timeout": "PT30M",
      "cleanupPreference": "OnSuccess",
      "retentionInterval": "P1D"
    }
  }        
],
   "outputs": {
 "sasTokenOutput": {
                "type": "string",
                "value": "[reference('generateSasScript').outputs.sasTokenVal]"
              }

  }
}