{
  "$schema": "https://schema.management.azure.com/schemas/0.1.2-preview/CreateUIDefinition.MultiVm.json#",
  "handler": "Microsoft.Azure.CreateUIDef",
  "version": "0.1.2-preview",
  "parameters": {
    "basics": [
      {}
    ],
    "steps": [
      {
        "name": "StorageAccountSelector",
        "label": "Storage account selector",
        "elements": [
          {
            "name": "storageSelectorElement",
            "type": "Microsoft.Storage.StorageAccountSelector",
            "label": "Storage account name",
            "toolTip": "Storage account name",
            "defaultValue": {
              "name": "storageaccount01",
              "type": "Premium_LRS"
            },
            "options": {
              "hideExisting": true
            },
            "visible": true
          }
        ]
      }
    ],
    "outputs": {
      "location": "[location()]",
      "storageAccountName": "[steps('StorageAccountSelector').storageSelectorElement.name]"
    }
  }
}